Domain,IPAddress
www.poseidonhd.in,95.215.19.22
www1.cuevana3.video,172.67.130.107
pelisplus.live,13.248.169.48
pelis28.nu,199.59.243.224
pelis24.app,172.67.198.244
pelis-123.com,64.91.249.20
peliculas24.online,172.67.167.149
mega1080p.org,94.242.59.160
gnula.li,95.215.19.22
gnula.io,104.21.46.162
gnula.app,69.162.95.2
elifilms.net,50.28.56.190
cuevana3.live,76.223.54.146
cuevana2.io,192.64.119.183
watchsomuch.unblockit.onl,52.223.32.0
watchsomuch.unblockit.onl,52.223.32.0
watchsomuch.unblockit.onl,52.223.32.0
watchsomuch.unblockit.onl,52.223.32.0
watchsomuch.unblockit.onl,52.223.32.0
watchsomuch.unblockit.onl,52.223.32.0
watchsomuch.unblockit.onl,52.223.32.0
watchsomuch.unblockit.onl,52.223.32.0
watchsomuch.unblockit.onl,52.223.32.0
watchsomuch.unblockit.onl,52.223.32.0
watchsomuch.unblockit.onl,52.223.32.0
watchsomuch.unblockit.onl,52.223.32.0
watchsomuch.unblockit.onl,52.223.32.0
watchsomuch.unblockit.onl,52.223.32.0
watchsomuch.unblockit.onl,52.223.32.0
watchsomuch.unblockit.onl,52.223.32.0
watchsomuch.unblockit.onl,52.223.32.0
watchsomuch.unblockit.onl,52.223.32.0
watchsomuch.unblockit.onl,52.223.32.0
watchsomuch.unblockit.onl,52.223.32.0
watchsomuch.unblockit.onl,52.223.32.0
watchsomuch.unblockit.onl,52.223.32.0
watchsomuch.unblockit.onl,52.223.32.0
watchsomuch.unblockit.onl,52.223.32.0
watchsomuch.unblockit.onl,52.223.32.0
watchsomuch.unblockit.onl,52.223.32.0
watchsomuch.unblockit.onl,52.223.32.0
watchsomuch.unblockit.onl,52.223.32.0
watchsomuch.unblockit.onl,52.223.32.0
watchsomuch.unblockit.onl,52.223.32.0
watchsomuch.unblockit.onl,52.223.32.0
watchsomuch.unblockit.onl,52.223.32.0
watchsomuch.unblockit.onl,52.223.32.0
watchsomuch.unblockit.onl,52.223.32.0
watchsomuch.unblockit.onl,52.223.32.0
watchsomuch.unblockit.onl,52.223.32.0
watchsomuch.unblockit.onl,52.223.32.0
watchsomuch.unblockit.onl,52.223.32.0
watchsomuch.unblockit.onl,52.223.32.0
watchsomuch.unblockit.onl,52.223.32.0
watchsomuch.unblockit.onl,52.223.32.0
watchsomuch.unblockit.onl,52.223.32.0
watchsomuch.unblockit.onl,52.223.32.0
www.mkvcinemas.tube,103.224.182.248
www.gethdmovies.com,3.130.204.160
www15.filmymeet.co,172.67.151.68
vegamovies.click,104.247.81.50
torrentsave.cyou,69.16.230.226
southfreak.org,192.157.56.142
rdxhd.okjatt.work,103.224.182.210
moviesrock.xyz,103.224.182.210
moviespapa.black,104.247.82.53
movieshub.top,64.190.63.111
mlwbd.shop,192.157.56.141
latesthdmovies.art,103.224.182.210
katmoviehd.kim,64.190.63.111
flixji.com,69.16.230.42
filmygod.co.in,103.224.182.210
extramovies.shop,198.58.118.167
downloadhub.ninja,199.59.243.224
downloadhub.getonlinesolution.com,208.91.197.46
bollyholic.live,81.171.28.43
bolly4u.monster,104.199.204.141
8xfilms.art,67.223.118.133
8xfilms.art,67.223.118.133
300mb1.com,208.91.197.46
watchsomuch.unblockit.onl,52.223.32.0
watchsomuch.unblockit.onl,52.223.32.0
watchsomuch.unblockit.onl,52.223.32.0
watchsomuch.unblockit.onl,52.223.32.0
watchsomuch.unblockit.onl,52.223.32.0
watchsomuch.unblockit.onl,52.223.32.0
watchsomuch.unblockit.onl,52.223.32.0
watchsomuch.unblockit.onl,52.223.32.0
watchsomuch.unblockit.onl,52.223.32.0
watchsomuch.unblockit.onl,52.223.32.0
watchsomuch.unblockit.onl,52.223.32.0
watchsomuch.unblockit.onl,52.223.32.0
watchsomuch.unblockit.onl,52.223.32.0
watchsomuch.unblockit.onl,52.223.32.0
watchsomuch.unblockit.onl,52.223.32.0
watchsomuch.unblockit.onl,52.223.32.0
watchsomuch.unblockit.onl,52.223.32.0
watchsomuch.unblockit.onl,52.223.32.0
watchsomuch.unblockit.onl,52.223.32.0
watchsomuch.unblockit.onl,52.223.32.0
watchsomuch.unblockit.onl,52.223.32.0
watchsomuch.unblockit.onl,52.223.32.0
watchsomuch.unblockit.onl,52.223.32.0
watchsomuch.unblockit.onl,52.223.32.0
watchsomuch.unblockit.onl,52.223.32.0
watchsomuch.unblockit.onl,52.223.32.0
watchsomuch.unblockit.onl,52.223.32.0
watchsomuch.unblockit.onl,52.223.32.0
watchsomuch.unblockit.onl,52.223.32.0
watchsomuch.unblockit.onl,52.223.32.0
watchsomuch.unblockit.onl,52.223.32.0
watchsomuch.unblockit.onl,52.223.32.0
watchsomuch.unblockit.onl,52.223.32.0
watchsomuch.unblockit.onl,52.223.32.0
watchsomuch.unblockit.onl,52.223.32.0
watchsomuch.unblockit.onl,52.223.32.0
watchsomuch.unblockit.onl,52.223.32.0
watchsomuch.unblockit.onl,52.223.32.0
watchsomuch.unblockit.onl,52.223.32.0
watchsomuch.unblockit.onl,52.223.32.0
watchsomuch.unblockit.onl,52.223.32.0
watchsomuch.unblockit.onl,52.223.32.0
watchsomuch.unblockit.onl,52.223.32.0
watchsomuch.unblockit.onl,52.223.32.0
watchsomuch.unblockit.onl,52.223.32.0
watchsomuch.unblockit.onl,52.223.32.0
watchsomuch.unblockit.onl,52.223.32.0
watchsomuch.unblockit.onl,52.223.32.0
watchsomuch.unblockit.onl,52.223.32.0
watchsomuch.unblockit.onl,52.223.32.0
watchsomuch.unblockit.onl,52.223.32.0
watchsomuch.unblockit.onl,52.223.32.0
watchsomuch.unblockit.onl,52.223.32.0
watchsomuch.unblockit.onl,52.223.32.0
watchsomuch.unblockit.onl,52.223.32.0
watchsomuch.unblockit.onl,52.223.32.0
watchsomuch.unblockit.onl,52.223.32.0
watchsomuch.unblockit.onl,52.223.32.0
watchsomuch.unblockit.onl,52.223.32.0
watchsomuch.unblockit.onl,52.223.32.0
watchsomuch.unblockit.onl,52.223.32.0
watchsomuch.unblockit.onl,52.223.32.0
watchsomuch.unblockit.onl,52.223.32.0
watchsomuch.unblockit.onl,52.223.32.0
watchsomuch.unblockit.onl,52.223.32.0
watchsomuch.unblockit.onl,52.223.32.0
1337x.be,77.73.67.173
1337x.be,77.73.67.173
1337x.be,77.73.67.173
1337x.be,77.73.67.173
1337x.be,77.73.67.173
1337x.be,77.73.67.173
1337x.be,77.73.67.173
1337x.be,77.73.67.173
1337x.be,77.73.67.173
1337x.be,77.73.67.173
1337x.be,77.73.67.173
1337x.be,77.73.67.173
1337x.be,77.73.67.173
1337x.be,77.73.67.173
1337x.be,77.73.67.173
1337x.be,77.73.67.173
1337x.be,77.73.67.173
1337x.be,77.73.67.173
1337x.be,77.73.67.173
1337x.be,77.73.67.173
1337x.be,77.73.67.173
1337x.be,77.73.67.173
1337x.be,77.73.67.173
1337x.be,77.73.67.173
1337x.be,77.73.67.173
1337x.be,77.73.67.173
1337x.be,77.73.67.173
1337x.be,77.73.67.173
1337x.be,77.73.67.173
1337x.be,77.73.67.173
1337x.be,77.73.67.173
1337x.be,77.73.67.173
1337x.be,77.73.67.173
1337x.be,77.73.67.173
1337x.be,77.73.67.173
1337x.be,77.73.67.173
1337x.be,77.73.67.173
1337x.be,77.73.67.173
1337x.be,77.73.67.173
1337x.be,77.73.67.173
1337x.be,77.73.67.173
1337x.be,77.73.67.173
1337x.be,77.73.67.173
1337x.be,77.73.67.173
1337x.be,77.73.67.173
1337x.be,77.73.67.173
1337x.be,77.73.67.173
1337x.be,77.73.67.173
1337x.be,77.73.67.173
1337x.be,77.73.67.173
1337x.be,77.73.67.173
1337x.be,77.73.67.173
1337x.be,77.73.67.173
1337x.be,77.73.67.173
1337x.be,77.73.67.173
1337x.be,77.73.67.173
1337x.be,77.73.67.173
1337x.be,77.73.67.173
1337x.be,77.73.67.173
1337x.be,77.73.67.173
1337x.be,77.73.67.173
1337x.be,77.73.67.173
1337x.be,77.73.67.173
1337x.be,77.73.67.173
1337x.be,77.73.67.173
1337x.be,77.73.67.173
1337x.be,77.73.67.173
1337x.be,77.73.67.173
1337x.be,77.73.67.173
1337x.be,77.73.67.173
1337x.be,77.73.67.173
1337x.be,77.73.67.173
1337x.be,77.73.67.173
1337x.be,77.73.67.173
1337x.be,77.73.67.173
1337x.be,77.73.67.173
1337x.be,77.73.67.173
1337x.be,77.73.67.173
1337x.be,77.73.67.173
1337x.be,77.73.67.173
1337x.be,77.73.67.173
1337x.be,77.73.67.173
1337x.be,77.73.67.173
1337x.be,77.73.67.173
1337x.be,77.73.67.173
1337x.be,77.73.67.173
1337x.be,77.73.67.173
1337x.be,77.73.67.173
1337x.be,77.73.67.173
1337x.be,77.73.67.173
1337x.be,77.73.67.173
1337x.be,77.73.67.173
1337x.be,77.73.67.173
1337x.be,77.73.67.173
1337x.be,77.73.67.173
1337x.be,77.73.67.173
1337x.be,77.73.67.173
1337x.be,77.73.67.173
1337x.be,77.73.67.173
1337x.be,77.73.67.173
1337x.be,77.73.67.173
1337x.be,77.73.67.173
1337x.be,77.73.67.173
1337x.be,77.73.67.173
1337x.be,77.73.67.173
1337x.be,77.73.67.173
1337x.be,77.73.67.173
1337x.be,77.73.67.173
watchsomuch.unblockit.onl,52.223.32.0
watchsomuch.unblockit.onl,52.223.32.0
watchsomuch.unblockit.onl,52.223.32.0
watchsomuch.unblockit.onl,52.223.32.0
watchsomuch.unblockit.onl,52.223.32.0
watchsomuch.unblockit.onl,52.223.32.0
watchsomuch.unblockit.onl,52.223.32.0
watchsomuch.unblockit.onl,52.223.32.0
watchsomuch.unblockit.onl,52.223.32.0
watchsomuch.unblockit.onl,52.223.32.0
watchsomuch.unblockit.onl,52.223.32.0
watchsomuch.unblockit.onl,52.223.32.0
watchsomuch.unblockit.onl,52.223.32.0
watchsomuch.unblockit.onl,52.223.32.0
watchsomuch.unblockit.onl,52.223.32.0
watchsomuch.unblockit.onl,52.223.32.0
watchsomuch.unblockit.onl,52.223.32.0
watchsomuch.unblockit.onl,52.223.32.0
watchsomuch.unblockit.onl,52.223.32.0
watchsomuch.unblockit.onl,52.223.32.0
watchsomuch.unblockit.onl,52.223.32.0
watchsomuch.unblockit.onl,52.223.32.0
watchsomuch.unblockit.onl,52.223.32.0
watchsomuch.unblockit.onl,52.223.32.0
watchsomuch.unblockit.onl,52.223.32.0
watchsomuch.unblockit.onl,52.223.32.0
watchsomuch.unblockit.onl,52.223.32.0
watchsomuch.unblockit.onl,52.223.32.0
watchsomuch.unblockit.onl,52.223.32.0
watchsomuch.unblockit.onl,52.223.32.0
watchsomuch.unblockit.onl,52.223.32.0
watchsomuch.unblockit.onl,52.223.32.0
watchsomuch.unblockit.onl,52.223.32.0
watchsomuch.unblockit.onl,52.223.32.0
watchsomuch.unblockit.onl,52.223.32.0
watchsomuch.unblockit.onl,52.223.32.0
watchsomuch.unblockit.onl,52.223.32.0
watchsomuch.unblockit.onl,52.223.32.0
watchsomuch.unblockit.onl,52.223.32.0
watchsomuch.unblockit.onl,52.223.32.0
watchsomuch.unblockit.onl,52.223.32.0
watchsomuch.unblockit.onl,52.223.32.0
watchsomuch.unblockit.onl,52.223.32.0
watchsomuch.unblockit.onl,52.223.32.0
watchsomuch.unblockit.onl,52.223.32.0
watchsomuch.unblockit.onl,52.223.32.0
watchsomuch.unblockit.onl,52.223.32.0
watchsomuch.unblockit.onl,52.223.32.0
watchsomuch.unblockit.onl,52.223.32.0
watchsomuch.unblockit.onl,52.223.32.0
watchsomuch.unblockit.onl,52.223.32.0
watchsomuch.unblockit.onl,52.223.32.0
watchsomuch.unblockit.onl,52.223.32.0
watchsomuch.unblockit.onl,52.223.32.0
watchsomuch.unblockit.onl,52.223.32.0
watchsomuch.unblockit.onl,52.223.32.0
watchsomuch.unblockit.onl,52.223.32.0
watchsomuch.unblockit.onl,52.223.32.0
watchsomuch.unblockit.onl,52.223.32.0
watchsomuch.unblockit.onl,52.223.32.0
watchsomuch.unblockit.onl,52.223.32.0
watchsomuch.unblockit.onl,52.223.32.0
watchsomuch.unblockit.onl,52.223.32.0
watchsomuch.unblockit.onl,52.223.32.0
watchsomuch.unblockit.onl,52.223.32.0
watchsomuch.unblockit.onl,52.223.32.0
watchsomuch.unblockit.onl,52.223.32.0
watchsomuch.unblockit.onl,52.223.32.0
watchsomuch.unblockit.onl,52.223.32.0
watchsomuch.unblockit.onl,52.223.32.0
watchsomuch.unblockit.onl,52.223.32.0
watchsomuch.unblockit.onl,52.223.32.0
watchsomuch.unblockit.onl,52.223.32.0
watchsomuch.unblockit.onl,52.223.32.0
watchsomuch.unblockit.onl,52.223.32.0
watchsomuch.unblockit.onl,52.223.32.0
watchsomuch.unblockit.onl,52.223.32.0
watchsomuch.unblockit.onl,52.223.32.0
watchsomuch.unblockit.onl,52.223.32.0
watchsomuch.unblockit.onl,52.223.32.0
watchsomuch.unblockit.onl,52.223.32.0
watchsomuch.unblockit.onl,52.223.32.0
watchsomuch.unblockit.onl,52.223.32.0
watchsomuch.unblockit.onl,52.223.32.0
watchsomuch.unblockit.onl,52.223.32.0
watchsomuch.unblockit.onl,52.223.32.0
watchsomuch.unblockit.onl,52.223.32.0
watchsomuch.unblockit.onl,52.223.32.0
watchsomuch.unblockit.onl,52.223.32.0
watchsomuch.unblockit.onl,52.223.32.0
watchsomuch.unblockit.onl,52.223.32.0
watchsomuch.unblockit.onl,52.223.32.0
watchsomuch.unblockit.onl,52.223.32.0
watchsomuch.unblockit.onl,52.223.32.0
watchsomuch.unblockit.onl,52.223.32.0
watchsomuch.unblockit.onl,52.223.32.0
watchsomuch.unblockit.onl,52.223.32.0
watchsomuch.unblockit.onl,52.223.32.0
watchsomuch.unblockit.onl,52.223.32.0
watchsomuch.unblockit.onl,52.223.32.0
watchsomuch.unblockit.onl,52.223.32.0
watchsomuch.unblockit.onl,52.223.32.0
watchsomuch.unblockit.onl,52.223.32.0
watchsomuch.unblockit.onl,52.223.32.0
watchsomuch.unblockit.onl,52.223.32.0
watchsomuch.unblockit.onl,52.223.32.0
watchsomuch.unblockit.onl,52.223.32.0
watchsomuch.unblockit.onl,52.223.32.0
watchsomuch.unblockit.onl,52.223.32.0
watchsomuch.unblockit.onl,52.223.32.0
watchsomuch.unblockit.onl,52.223.32.0
watchsomuch.unblockit.onl,52.223.32.0
watchsomuch.unblockit.onl,52.223.32.0
watchsomuch.unblockit.onl,52.223.32.0
watchsomuch.unblockit.onl,52.223.32.0
watchsomuch.unblockit.onl,52.223.32.0
watchsomuch.unblockit.onl,52.223.32.0
watchsomuch.unblockit.onl,52.223.32.0
watchsomuch.unblockit.onl,52.223.32.0
watchsomuch.unblockit.onl,52.223.32.0
watchsomuch.unblockit.onl,52.223.32.0
watchsomuch.unblockit.onl,52.223.32.0
watchsomuch.unblockit.onl,52.223.32.0
watchsomuch.unblockit.onl,52.223.32.0
watchsomuch.unblockit.onl,52.223.32.0
watchsomuch.unblockit.onl,52.223.32.0
watchsomuch.unblockit.onl,52.223.32.0
watchsomuch.unblockit.onl,52.223.32.0
watchsomuch.unblockit.onl,52.223.32.0
watchsomuch.unblockit.onl,52.223.32.0
watchsomuch.unblockit.onl,52.223.32.0
watchsomuch.unblockit.onl,52.223.32.0
watchsomuch.unblockit.onl,52.223.32.0
watchsomuch.unblockit.onl,52.223.32.0
watchsomuch.unblockit.onl,52.223.32.0
watchsomuch.unblockit.onl,52.223.32.0
watchsomuch.unblockit.onl,52.223.32.0
watchsomuch.unblockit.onl,52.223.32.0
watchsomuch.unblockit.onl,52.223.32.0
watchsomuch.unblockit.onl,52.223.32.0
watchsomuch.unblockit.onl,52.223.32.0
watchsomuch.unblockit.onl,52.223.32.0
watchsomuch.unblockit.onl,52.223.32.0
watchsomuch.unblockit.onl,52.223.32.0
watchsomuch.unblockit.onl,52.223.32.0
watchsomuch.unblockit.onl,52.223.32.0
thekat.cc,104.21.57.167
thekat.cc,104.21.57.167
thekat.cc,104.21.57.167
thekat.cc,104.21.57.167
thekat.cc,104.21.57.167
thekat.cc,104.21.57.167
thekat.cc,104.21.57.167
thekat.cc,104.21.57.167
thekat.cc,104.21.57.167
thekat.cc,104.21.57.167
thekat.cc,104.21.57.167
thekat.cc,104.21.57.167
thekat.cc,104.21.57.167
thekat.cc,104.21.57.167
thekat.cc,104.21.57.167
thekat.cc,104.21.57.167
thekat.cc,104.21.57.167
thekat.cc,104.21.57.167
thekat.cc,104.21.57.167
skymovieshd.kim,45.79.47.151
skymovieshd.kim,45.79.47.151
skymovieshd.kim,45.79.47.151
skymovieshd.kim,45.79.47.151
proxypirate.tk,185.53.177.31
proxypirate.tk,185.53.177.31
proxypirate.tk,185.53.177.31
proxypirate.tk,185.53.177.31
proxypirate.tk,185.53.177.31
proxypirate.tk,185.53.177.31
proxypirate.tk,185.53.177.31
proxypirate.tk,185.53.177.31
proxypirate.tk,185.53.177.31
proxypirate.tk,185.53.177.31
proxypirate.tk,185.53.177.31
proxypirate.tk,185.53.177.31
proxypirate.tk,185.53.177.31
proxypirate.tk,185.53.177.31
proxypirate.tk,185.53.177.31
proxypirate.tk,185.53.177.31
proxypirate.tk,185.53.177.31
proxypirate.tk,185.53.177.31
proxypirate.tk,185.53.177.31
proxypirate.tk,185.53.177.31
proxypirate.tk,185.53.177.31
proxypirate.tk,185.53.177.31
proxypirate.tk,185.53.177.31
proxypirate.tk,185.53.177.31
proxypirate.tk,185.53.177.31
proxypirate.ml,104.247.81.73
pirateproxy.ga,104.247.81.54
pirateproxy.ga,104.247.81.54
pirateproxy.ga,104.247.81.54
pirateproxy.ga,104.247.81.54
pirateproxy.ga,104.247.81.54
pirateproxy.ga,104.247.81.54
pirateproxy.ga,104.247.81.54
pirateproxy.ga,104.247.81.54
pirateproxy.ga,104.247.81.54
pirateproxy.ga,104.247.81.54
pirateproxy.ga,104.247.81.54
pirateproxy.ga,104.247.81.54
pirateproxy.ga,104.247.81.54
pirateproxy.ga,104.247.81.54
pirateproxy.ga,104.247.81.54
pirateproxy.ga,104.247.81.54
pirateproxy.ga,104.247.81.54
pirateproxy.ga,104.247.81.54
pirateproxy.ga,104.247.81.54
pirateproxy.ga,104.247.81.54
pirateproxy.ga,104.247.81.54
pirateproxy.ga,104.247.81.54
pirateproxy.ga,104.247.81.54
pirateproxy.ga,104.247.81.54
pirateproxy.ga,104.247.81.54
kkickass.com,104.21.50.141
kkickass.com,104.21.50.141
kkickass.com,104.21.50.141
kkickass.com,104.21.50.141
kkickass.com,104.21.50.141
kkickass.com,104.21.50.141
kkickass.com,104.21.50.141
kkickass.com,104.21.50.141
kkickass.com,104.21.50.141
kkickass.com,104.21.50.141
kkickass.com,104.21.50.141
kkickass.com,104.21.50.141
kkickass.com,104.21.50.141
kkickass.com,104.21.50.141
kkickass.com,104.21.50.141
kkickass.com,104.21.50.141
kkickass.com,104.21.50.141
kkickass.com,104.21.50.141
kkickass.com,104.21.50.141
kkat.net,104.21.63.76
kkat.net,104.21.63.76
kkat.net,104.21.63.76
kkat.net,104.21.63.76
kkat.net,104.21.63.76
kkat.net,104.21.63.76
kkat.net,104.21.63.76
kkat.net,104.21.63.76
kkat.net,104.21.63.76
kkat.net,104.21.63.76
kkat.net,104.21.63.76
kkat.net,104.21.63.76
kkat.net,104.21.63.76
kkat.net,104.21.63.76
kkat.net,104.21.63.76
kkat.net,104.21.63.76
kkat.net,104.21.63.76
kkat.net,104.21.63.76
kkat.net,104.21.63.76
kickasstorrents.id,172.67.164.251
kickasstorrents.id,172.67.164.251
kickasstorrents.id,172.67.164.251
kickasstorrents.id,172.67.164.251
kickasstorrents.id,172.67.164.251
kickasstorrents.id,172.67.164.251
kickasstorrents.id,172.67.164.251
kickasstorrents.id,172.67.164.251
kickasstorrents.id,172.67.164.251
kickasstorrents.id,172.67.164.251
kickasstorrents.id,172.67.164.251
kickasstorrents.id,172.67.164.251
kickasstorrents.id,172.67.164.251
kickasstorrents.id,172.67.164.251
kickasstorrents.id,172.67.164.251
kickasstorrents.id,172.67.164.251
kickasstorrents.id,172.67.164.251
kickasstorrents.id,172.67.164.251
kickasstorrents.id,172.67.164.251
kickasstorrents.cr,104.21.5.139
kickasstorrents.cr,104.21.5.139
kickasstorrents.cr,104.21.5.139
kickasstorrents.cr,104.21.5.139
kickasstorrents.cr,104.21.5.139
kickasstorrents.cr,104.21.5.139
kickasstorrents.cr,104.21.5.139
kickasstorrents.cr,104.21.5.139
kickasstorrents.cr,104.21.5.139
kickasstorrents.cr,104.21.5.139
kickasstorrents.cr,104.21.5.139
kickasstorrents.cr,104.21.5.139
kickasstorrents.cr,104.21.5.139
kickasstorrents.cr,104.21.5.139
kickasstorrents.cr,104.21.5.139
kickasstorrents.cr,104.21.5.139
kickasstorrents.cr,104.21.5.139
kickasstorrents.cr,104.21.5.139
kickasstorrents.cr,104.21.5.139
kickasstorrents.bz,172.67.203.4
kickasstorrents.bz,172.67.203.4
kickasstorrents.bz,172.67.203.4
kickasstorrents.bz,172.67.203.4
kickasstorrents.bz,172.67.203.4
kickasstorrents.bz,172.67.203.4
kickasstorrents.bz,172.67.203.4
kickasstorrents.bz,172.67.203.4
kickasstorrents.bz,172.67.203.4
kickasstorrents.bz,172.67.203.4
kickasstorrents.bz,172.67.203.4
kickasstorrents.bz,172.67.203.4
kickasstorrents.bz,172.67.203.4
kickasstorrents.bz,172.67.203.4
kickasstorrents.bz,172.67.203.4
kickasstorrents.bz,172.67.203.4
kickasstorrents.bz,172.67.203.4
kickasstorrents.bz,172.67.203.4
kickasstorrents.bz,172.67.203.4
kickasstorrents2.org,104.21.47.2
kickasstorrents2.org,104.21.47.2
kickasstorrents2.org,104.21.47.2
kickasstorrents2.org,104.21.47.2
kickass2.cc,104.31.16.123
kickass2.cc,104.31.16.123
kickass2.cc,104.31.16.123
kickass2.cc,104.31.16.123
kickass2.cc,104.31.16.123
kickass2.cc,104.31.16.123
kickass2.cc,104.31.16.123
kickass2.cc,104.31.16.123
kickass2.cc,104.31.16.123
kickass2.cc,104.31.16.123
kickass2.cc,104.31.16.123
kickass2.cc,104.31.16.123
kickass2.cc,104.31.16.123
kickass2.cc,104.31.16.123
kickass2.cc,104.31.16.123
kickass2.cc,104.31.16.123
kickass2.cc,104.31.16.123
kickass2.cc,104.31.16.123
hk.bt4g.org,104.21.68.86
hk.bt4g.org,104.21.68.86
hk.bt4g.org,104.21.68.86
hk.bt4g.org,104.21.68.86
hk.bt4g.org,104.21.68.86
hk.bt4g.org,104.21.68.86
hk.bt4g.org,104.21.68.86
hk.bt4g.org,104.21.68.86
hk.bt4g.org,104.21.68.86
hk.bt4g.org,104.21.68.86
hk.bt4g.org,104.21.68.86
hk.bt4g.org,104.21.68.86
hk.bt4g.org,104.21.68.86
hk.bt4g.org,104.21.68.86
hk.bt4g.org,104.21.68.86
hk.bt4g.org,104.21.68.86
hk.bt4g.org,104.21.68.86
hk.bt4g.org,104.21.68.86
hk.bt4g.org,104.21.68.86
hk.bt4g.org,104.21.68.86
hk.bt4g.org,104.21.68.86
hk.bt4g.org,104.21.68.86
hk.bt4g.org,104.21.68.86
hk.bt4g.org,104.21.68.86
hk.bt4g.org,104.21.68.86
hk.bt4g.org,104.21.68.86
hk.bt4g.org,104.21.68.86
hk.bt4g.org,104.21.68.86
hk.bt4g.org,104.21.68.86
hk.bt4g.org,104.21.68.86
hk.bt4g.org,104.21.68.86
hk.bt4g.org,104.21.68.86
hk.bt4g.org,104.21.68.86
hk.bt4g.org,104.21.68.86
hk.bt4g.org,104.21.68.86
hk.bt4g.org,104.21.68.86
hk.bt4g.org,104.21.68.86
hk.bt4g.org,104.21.68.86
hk.bt4g.org,104.21.68.86
hk.bt4g.org,104.21.68.86
hk.bt4g.org,104.21.68.86
hk.bt4g.org,104.21.68.86
hk.bt4g.org,104.21.68.86
hk.bt4g.org,104.21.68.86
hk.bt4g.org,104.21.68.86
hk.bt4g.org,104.21.68.86
hk.bt4g.org,104.21.68.86
hk.bt4g.org,104.21.68.86
hk.bt4g.org,104.21.68.86
hk.bt4g.org,104.21.68.86
hk.bt4g.org,104.21.68.86
hk.bt4g.org,104.21.68.86
hk.bt4g.org,104.21.68.86
hk.bt4g.org,104.21.68.86
hk.bt4g.org,104.21.68.86
hk.bt4g.org,104.21.68.86
hk.bt4g.org,104.21.68.86
hk.bt4g.org,104.21.68.86
bt4g.org,172.67.192.124
bt4g.org,172.67.192.124
bt4g.org,172.67.192.124
bt4g.org,172.67.192.124
bt4g.org,172.67.192.124
bt4g.org,172.67.192.124
bt4g.org,172.67.192.124
bt4g.org,172.67.192.124
bt4g.org,172.67.192.124
bt4g.org,172.67.192.124
bt4g.org,172.67.192.124
bt4g.org,172.67.192.124
bt4g.org,172.67.192.124
bt4g.org,172.67.192.124
bt4g.org,172.67.192.124
bt4g.org,172.67.192.124
bt4g.org,172.67.192.124
bt4g.org,172.67.192.124
bt4g.org,172.67.192.124
bt4g.org,172.67.192.124
bt4g.org,172.67.192.124
bt4g.org,172.67.192.124
bt4g.org,172.67.192.124
bt4g.org,172.67.192.124
bt4g.org,172.67.192.124
bt4g.org,172.67.192.124
bt4g.org,172.67.192.124
bt4g.org,172.67.192.124
bt4g.org,172.67.192.124
bt4g.org,172.67.192.124
bt4g.org,172.67.192.124
bt4g.org,172.67.192.124
bt4g.org,172.67.192.124
bt4g.org,172.67.192.124
proxypirate.ml,104.247.81.73
proxypirate.ml,104.247.81.73
proxypirate.ml,104.247.81.73
proxypirate.ml,104.247.81.73
proxypirate.ml,104.247.81.73
proxypirate.ml,104.247.81.73
proxypirate.ml,104.247.81.73
proxypirate.ml,104.247.81.73
proxypirate.ml,104.247.81.73
proxypirate.ml,104.247.81.73
proxypirate.ml,104.247.81.73
proxypirate.ml,104.247.81.73
proxypirate.ml,104.247.81.73
proxypirate.ml,104.247.81.73
proxypirate.ml,104.247.81.73
proxypirate.ml,104.247.81.73
proxypirate.ml,104.247.81.73
proxypirate.ml,104.247.81.73
proxypirate.ml,104.247.81.73
proxypirate.ml,104.247.81.73
proxypirate.ml,104.247.81.73
proxypirate.ml,104.247.81.73
proxypirate.ml,104.247.81.73
proxypirate.ml,104.247.81.73
kickasstorrents2.org,104.21.47.2
kickasstorrents2.org,104.21.47.2
kickasstorrents2.org,104.21.47.2
kickasstorrents2.org,104.21.47.2
kickasstorrents2.org,104.21.47.2
kickasstorrents2.org,104.21.47.2
kickasstorrents2.org,104.21.47.2
kickasstorrents2.org,104.21.47.2
kickasstorrents2.org,104.21.47.2
kickasstorrents2.org,104.21.47.2
kickasstorrents2.org,104.21.47.2
kickasstorrents2.org,104.21.47.2
kickasstorrents2.org,104.21.47.2
kickasstorrents2.org,104.21.47.2
kickasstorrents2.org,104.21.47.2
kickasst.net,104.21.72.107
kickasst.net,104.21.72.107
kickasst.net,104.21.72.107
kickasst.net,104.21.72.107
kickasst.net,104.21.72.107
kickasst.net,104.21.72.107
kickasst.net,104.21.72.107
kickasst.net,104.21.72.107
kickasst.net,104.21.72.107
kickasst.net,104.21.72.107
kickasst.net,104.21.72.107
kickasst.net,104.21.72.107
kickasst.net,104.21.72.107
kickasst.net,104.21.72.107
kickasst.net,104.21.72.107
kickasst.net,104.21.72.107
kickasst.net,104.21.72.107
kickasst.net,104.21.72.107
kickasst.net,104.21.72.107
kickass.onl,104.31.16.123
kickass.onl,104.31.16.123
kickass.onl,104.31.16.123
kickass.onl,104.31.16.123
kickass.onl,104.31.16.123
kickass.onl,104.31.16.123
kickass.onl,104.31.16.123
kickass.onl,104.31.16.123
kickass.onl,104.31.16.123
kickass.onl,104.31.16.123
kickass.onl,104.31.16.123
kickass.onl,104.31.16.123
kickass.onl,104.31.16.123
kickass.onl,104.31.16.123
kickass.onl,104.31.16.123
kickass.onl,104.31.16.123
kickass.onl,104.31.16.123
kickass.onl,104.31.16.123
kickass.onl,104.31.16.123
kickasskat.net,104.21.24.239
kickasskat.net,104.21.24.239
kickasskat.net,104.21.24.239
kickasskat.net,104.21.24.239
kickass2.cc,104.31.16.123
bt4g.org,172.67.192.124
bt4g.org,172.67.192.124
bt4g.org,172.67.192.124
bt4g.org,172.67.192.124
bt4g.org,172.67.192.124
bt4g.org,172.67.192.124
bt4g.org,172.67.192.124
bt4g.org,172.67.192.124
bt4g.org,172.67.192.124
bt4g.org,172.67.192.124
bt4g.org,172.67.192.124
bt4g.org,172.67.192.124
bt4g.org,172.67.192.124
bt4g.org,172.67.192.124
bt4g.org,172.67.192.124
bt4g.org,172.67.192.124
bt4g.org,172.67.192.124
bt4g.org,172.67.192.124
bt4g.org,172.67.192.124
bt4g.org,172.67.192.124
bt4g.org,172.67.192.124
bt4g.org,172.67.192.124
bt4g.org,172.67.192.124
bt4g.org,172.67.192.124
bt4g.org,172.67.192.124
bt4g.org,172.67.192.124
bt4g.org,172.67.192.124
bt4g.org,172.67.192.124
bt4g.org,172.67.192.124
bt4g.org,172.67.192.124
bt4g.org,172.67.192.124
bt4g.org,172.67.192.124
bt4g.org,172.67.192.124
bt4g.org,172.67.192.124
bt4g.org,172.67.192.124
bt4g.org,172.67.192.124
bt4g.org,172.67.192.124
bt4g.org,172.67.192.124
bt4g.org,172.67.192.124
bt4g.org,172.67.192.124
bt4g.org,172.67.192.124
bt4g.org,172.67.192.124
tvshows4mobile.com,172.67.212.251
movgotv.com,172.67.199.140
ffmovies.biz,172.67.161.2
movie-rulez123.blogspot.com,172.253.63.132
chomikuj.pl,104.22.25.70
